ObjectID,x,y,w,h
9,0.35868269205093384,0.6618001461029053,0.26551327109336853,0.35288238525390625
