ObjectID,x,y,w,h
6,0.3896818161010742,0.5,0.5217252373695374,1.0
