ObjectID,x,y,w,h
7,0.5076478123664856,0.4505489766597748,0.11698191612958908,0.7218334674835205
